BubbleSort/.build/debug/Simple,10/07/22 13:25:15,1,main,ab2375e83d83e7f873,time BubbleSort/.build/debug/Simple < ordered.txt10e0.txt > /dev/null,ordered.txt10e0.txt,1,ordered.txt,0.005
BubbleSort/.build/debug/Simple,10/07/22 13:25:15,2,main,ab2375e83d83e7f873,time BubbleSort/.build/debug/Simple < ordered.txt10e0.txt > /dev/null,ordered.txt10e0.txt,1,ordered.txt,0.004
BubbleSort/.build/debug/Simple,10/07/22 13:25:15,3,main,ab2375e83d83e7f873,time BubbleSort/.build/debug/Simple < ordered.txt10e0.txt > /dev/null,ordered.txt10e0.txt,1,ordered.txt,0.004
BubbleSort/.build/debug/Simple,10/07/22 13:25:15,4,main,ab2375e83d83e7f873,time BubbleSort/.build/debug/Simple < ordered.txt10e0.txt > /dev/null,ordered.txt10e0.txt,1,ordered.txt,0.004
BubbleSort/.build/debug/Simple,10/07/22 13:25:15,5,main,ab2375e83d83e7f873,time BubbleSort/.build/debug/Simple < ordered.txt10e0.txt > /dev/null,ordered.txt10e0.txt,1,ordered.txt,0.004
BubbleSort/.build/debug/Simple,10/07/22 13:25:15,1,main,ab2375e83d83e7f873,time BubbleSort/.build/debug/Simple < ordered.txt10e1.txt > /dev/null,ordered.txt10e1.txt,10,ordered.txt,0.004
BubbleSort/.build/debug/Simple,10/07/22 13:25:15,2,main,ab2375e83d83e7f873,time BubbleSort/.build/debug/Simple < ordered.txt10e1.txt > /dev/null,ordered.txt10e1.txt,10,ordered.txt,0.004
BubbleSort/.build/debug/Simple,10/07/22 13:25:15,3,main,ab2375e83d83e7f873,time BubbleSort/.build/debug/Simple < ordered.txt10e1.txt > /dev/null,ordered.txt10e1.txt,10,ordered.txt,0.004
BubbleSort/.build/debug/Simple,10/07/22 13:25:15,4,main,ab2375e83d83e7f873,time BubbleSort/.build/debug/Simple < ordered.txt10e1.txt > /dev/null,ordered.txt10e1.txt,10,ordered.txt,0.004
BubbleSort/.build/debug/Simple,10/07/22 13:25:15,5,main,ab2375e83d83e7f873,time BubbleSort/.build/debug/Simple < ordered.txt10e1.txt > /dev/null,ordered.txt10e1.txt,10,ordered.txt,0.004
BubbleSort/.build/debug/Simple,10/07/22 13:25:15,1,main,ab2375e83d83e7f873,time BubbleSort/.build/debug/Simple < ordered.txt10e2.txt > /dev/null,ordered.txt10e2.txt,100,ordered.txt,0.004
BubbleSort/.build/debug/Simple,10/07/22 13:25:15,2,main,ab2375e83d83e7f873,time BubbleSort/.build/debug/Simple < ordered.txt10e2.txt > /dev/null,ordered.txt10e2.txt,100,ordered.txt,0.004
BubbleSort/.build/debug/Simple,10/07/22 13:25:15,3,main,ab2375e83d83e7f873,time BubbleSort/.build/debug/Simple < ordered.txt10e2.txt > /dev/null,ordered.txt10e2.txt,100,ordered.txt,0.004
BubbleSort/.build/debug/Simple,10/07/22 13:25:15,4,main,ab2375e83d83e7f873,time BubbleSort/.build/debug/Simple < ordered.txt10e2.txt > /dev/null,ordered.txt10e2.txt,100,ordered.txt,0.005
BubbleSort/.build/debug/Simple,10/07/22 13:25:15,5,main,ab2375e83d83e7f873,time BubbleSort/.build/debug/Simple < ordered.txt10e2.txt > /dev/null,ordered.txt10e2.txt,100,ordered.txt,0.004
BubbleSort/.build/debug/Simple,10/07/22 13:25:15,1,main,ab2375e83d83e7f873,time BubbleSort/.build/debug/Simple < ordered.txt10e3.txt > /dev/null,ordered.txt10e3.txt,1000,ordered.txt,0.051
BubbleSort/.build/debug/Simple,10/07/22 13:25:15,2,main,ab2375e83d83e7f873,time BubbleSort/.build/debug/Simple < ordered.txt10e3.txt > /dev/null,ordered.txt10e3.txt,1000,ordered.txt,0.052
BubbleSort/.build/debug/Simple,10/07/22 13:25:15,3,main,ab2375e83d83e7f873,time BubbleSort/.build/debug/Simple < ordered.txt10e3.txt > /dev/null,ordered.txt10e3.txt,1000,ordered.txt,0.052
BubbleSort/.build/debug/Simple,10/07/22 13:25:16,4,main,ab2375e83d83e7f873,time BubbleSort/.build/debug/Simple < ordered.txt10e3.txt > /dev/null,ordered.txt10e3.txt,1000,ordered.txt,0.052
BubbleSort/.build/debug/Simple,10/07/22 13:25:16,5,main,ab2375e83d83e7f873,time BubbleSort/.build/debug/Simple < ordered.txt10e3.txt > /dev/null,ordered.txt10e3.txt,1000,ordered.txt,0.053
BubbleSort/.build/debug/Simple,10/07/22 13:25:21,1,main,ab2375e83d83e7f873,time BubbleSort/.build/debug/Simple < ordered.txt10e4.txt > /dev/null,ordered.txt10e4.txt,10000,ordered.txt,5.343
BubbleSort/.build/debug/Simple,10/07/22 13:25:26,2,main,ab2375e83d83e7f873,time BubbleSort/.build/debug/Simple < ordered.txt10e4.txt > /dev/null,ordered.txt10e4.txt,10000,ordered.txt,5.394
BubbleSort/.build/debug/Simple,10/07/22 13:25:32,3,main,ab2375e83d83e7f873,time BubbleSort/.build/debug/Simple < ordered.txt10e4.txt > /dev/null,ordered.txt10e4.txt,10000,ordered.txt,5.338
BubbleSort/.build/debug/Simple,10/07/22 13:25:37,4,main,ab2375e83d83e7f873,time BubbleSort/.build/debug/Simple < ordered.txt10e4.txt > /dev/null,ordered.txt10e4.txt,10000,ordered.txt,5.590
BubbleSort/.build/debug/Simple,10/07/22 13:25:43,5,main,ab2375e83d83e7f873,time BubbleSort/.build/debug/Simple < ordered.txt10e4.txt > /dev/null,ordered.txt10e4.txt,10000,ordered.txt,5.374
BubbleSort/.build/debug/Simple,10/07/22 13:30:43,1,main,ab2375e83d83e7f873,time BubbleSort/.build/debug/Simple < ordered.txt10e5.txt > /dev/null,ordered.txt10e5.txt,100000,ordered.txt,300.198
BubbleSort/.build/debug/Simple,10/07/22 13:35:43,2,main,ab2375e83d83e7f873,time BubbleSort/.build/debug/Simple < ordered.txt10e5.txt > /dev/null,ordered.txt10e5.txt,100000,ordered.txt,300.215
BubbleSort/.build/debug/Simple,10/07/22 13:40:43,3,main,ab2375e83d83e7f873,time BubbleSort/.build/debug/Simple < ordered.txt10e5.txt > /dev/null,ordered.txt10e5.txt,100000,ordered.txt,300.198
BubbleSort/.build/debug/Simple,10/07/22 13:45:44,4,main,ab2375e83d83e7f873,time BubbleSort/.build/debug/Simple < ordered.txt10e5.txt > /dev/null,ordered.txt10e5.txt,100000,ordered.txt,300.205
BubbleSort/.build/debug/Simple,10/07/22 13:50:44,5,main,ab2375e83d83e7f873,time BubbleSort/.build/debug/Simple < ordered.txt10e5.txt > /dev/null,ordered.txt10e5.txt,100000,ordered.txt,300.209
BubbleSort/.build/debug/Simple,10/07/22 13:50:44,1,main,ab2375e83d83e7f873,time BubbleSort/.build/debug/Simple < reverse-ordered.txt10e0.txt > /dev/null,reverse-ordered.txt10e0.txt,1,reverse-ordered.txt,0.005
BubbleSort/.build/debug/Simple,10/07/22 13:50:44,2,main,ab2375e83d83e7f873,time BubbleSort/.build/debug/Simple < reverse-ordered.txt10e0.txt > /dev/null,reverse-ordered.txt10e0.txt,1,reverse-ordered.txt,0.004
BubbleSort/.build/debug/Simple,10/07/22 13:50:44,3,main,ab2375e83d83e7f873,time BubbleSort/.build/debug/Simple < reverse-ordered.txt10e0.txt > /dev/null,reverse-ordered.txt10e0.txt,1,reverse-ordered.txt,0.004
BubbleSort/.build/debug/Simple,10/07/22 13:50:44,4,main,ab2375e83d83e7f873,time BubbleSort/.build/debug/Simple < reverse-ordered.txt10e0.txt > /dev/null,reverse-ordered.txt10e0.txt,1,reverse-ordered.txt,0.004
BubbleSort/.build/debug/Simple,10/07/22 13:50:44,5,main,ab2375e83d83e7f873,time BubbleSort/.build/debug/Simple < reverse-ordered.txt10e0.txt > /dev/null,reverse-ordered.txt10e0.txt,1,reverse-ordered.txt,0.003
BubbleSort/.build/debug/Simple,10/07/22 13:50:44,1,main,ab2375e83d83e7f873,time BubbleSort/.build/debug/Simple < reverse-ordered.txt10e1.txt > /dev/null,reverse-ordered.txt10e1.txt,10,reverse-ordered.txt,0.004
BubbleSort/.build/debug/Simple,10/07/22 13:50:44,2,main,ab2375e83d83e7f873,time BubbleSort/.build/debug/Simple < reverse-ordered.txt10e1.txt > /dev/null,reverse-ordered.txt10e1.txt,10,reverse-ordered.txt,0.004
BubbleSort/.build/debug/Simple,10/07/22 13:50:44,3,main,ab2375e83d83e7f873,time BubbleSort/.build/debug/Simple < reverse-ordered.txt10e1.txt > /dev/null,reverse-ordered.txt10e1.txt,10,reverse-ordered.txt,0.004
BubbleSort/.build/debug/Simple,10/07/22 13:50:44,4,main,ab2375e83d83e7f873,time BubbleSort/.build/debug/Simple < reverse-ordered.txt10e1.txt > /dev/null,reverse-ordered.txt10e1.txt,10,reverse-ordered.txt,0.004
BubbleSort/.build/debug/Simple,10/07/22 13:50:44,5,main,ab2375e83d83e7f873,time BubbleSort/.build/debug/Simple < reverse-ordered.txt10e1.txt > /dev/null,reverse-ordered.txt10e1.txt,10,reverse-ordered.txt,0.004
BubbleSort/.build/debug/Simple,10/07/22 13:50:44,1,main,ab2375e83d83e7f873,time BubbleSort/.build/debug/Simple < reverse-ordered.txt10e2.txt > /dev/null,reverse-ordered.txt10e2.txt,100,reverse-ordered.txt,0.005
BubbleSort/.build/debug/Simple,10/07/22 13:50:44,2,main,ab2375e83d83e7f873,time BubbleSort/.build/debug/Simple < reverse-ordered.txt10e2.txt > /dev/null,reverse-ordered.txt10e2.txt,100,reverse-ordered.txt,0.005
BubbleSort/.build/debug/Simple,10/07/22 13:50:44,3,main,ab2375e83d83e7f873,time BubbleSort/.build/debug/Simple < reverse-ordered.txt10e2.txt > /dev/null,reverse-ordered.txt10e2.txt,100,reverse-ordered.txt,0.005
BubbleSort/.build/debug/Simple,10/07/22 13:50:44,4,main,ab2375e83d83e7f873,time BubbleSort/.build/debug/Simple < reverse-ordered.txt10e2.txt > /dev/null,reverse-ordered.txt10e2.txt,100,reverse-ordered.txt,0.004
BubbleSort/.build/debug/Simple,10/07/22 13:50:44,5,main,ab2375e83d83e7f873,time BubbleSort/.build/debug/Simple < reverse-ordered.txt10e2.txt > /dev/null,reverse-ordered.txt10e2.txt,100,reverse-ordered.txt,0.005
BubbleSort/.build/debug/Simple,10/07/22 13:50:44,1,main,ab2375e83d83e7f873,time BubbleSort/.build/debug/Simple < reverse-ordered.txt10e3.txt > /dev/null,reverse-ordered.txt10e3.txt,1000,reverse-ordered.txt,0.135
BubbleSort/.build/debug/Simple,10/07/22 13:50:44,2,main,ab2375e83d83e7f873,time BubbleSort/.build/debug/Simple < reverse-ordered.txt10e3.txt > /dev/null,reverse-ordered.txt10e3.txt,1000,reverse-ordered.txt,0.135
BubbleSort/.build/debug/Simple,10/07/22 13:50:44,3,main,ab2375e83d83e7f873,time BubbleSort/.build/debug/Simple < reverse-ordered.txt10e3.txt > /dev/null,reverse-ordered.txt10e3.txt,1000,reverse-ordered.txt,0.125
BubbleSort/.build/debug/Simple,10/07/22 13:50:44,4,main,ab2375e83d83e7f873,time BubbleSort/.build/debug/Simple < reverse-ordered.txt10e3.txt > /dev/null,reverse-ordered.txt10e3.txt,1000,reverse-ordered.txt,0.124
BubbleSort/.build/debug/Simple,10/07/22 13:50:45,5,main,ab2375e83d83e7f873,time BubbleSort/.build/debug/Simple < reverse-ordered.txt10e3.txt > /dev/null,reverse-ordered.txt10e3.txt,1000,reverse-ordered.txt,0.112
BubbleSort/.build/debug/Simple,10/07/22 13:50:56,1,main,ab2375e83d83e7f873,time BubbleSort/.build/debug/Simple < reverse-ordered.txt10e4.txt > /dev/null,reverse-ordered.txt10e4.txt,10000,reverse-ordered.txt,11.819
BubbleSort/.build/debug/Simple,10/07/22 13:51:09,2,main,ab2375e83d83e7f873,time BubbleSort/.build/debug/Simple < reverse-ordered.txt10e4.txt > /dev/null,reverse-ordered.txt10e4.txt,10000,reverse-ordered.txt,12.555
BubbleSort/.build/debug/Simple,10/07/22 13:51:22,3,main,ab2375e83d83e7f873,time BubbleSort/.build/debug/Simple < reverse-ordered.txt10e4.txt > /dev/null,reverse-ordered.txt10e4.txt,10000,reverse-ordered.txt,12.623
BubbleSort/.build/debug/Simple,10/07/22 13:51:33,4,main,ab2375e83d83e7f873,time BubbleSort/.build/debug/Simple < reverse-ordered.txt10e4.txt > /dev/null,reverse-ordered.txt10e4.txt,10000,reverse-ordered.txt,11.468
BubbleSort/.build/debug/Simple,10/07/22 13:51:45,5,main,ab2375e83d83e7f873,time BubbleSort/.build/debug/Simple < reverse-ordered.txt10e4.txt > /dev/null,reverse-ordered.txt10e4.txt,10000,reverse-ordered.txt,12.109
BubbleSort/.build/debug/Simple,10/07/22 13:56:46,1,main,ab2375e83d83e7f873,time BubbleSort/.build/debug/Simple < reverse-ordered.txt10e5.txt > /dev/null,reverse-ordered.txt10e5.txt,100000,reverse-ordered.txt,300.264
BubbleSort/.build/debug/Simple,10/07/22 14:01:46,2,main,ab2375e83d83e7f873,time BubbleSort/.build/debug/Simple < reverse-ordered.txt10e5.txt > /dev/null,reverse-ordered.txt10e5.txt,100000,reverse-ordered.txt,300.247
BubbleSort/.build/debug/Simple,10/07/22 14:06:46,3,main,ab2375e83d83e7f873,time BubbleSort/.build/debug/Simple < reverse-ordered.txt10e5.txt > /dev/null,reverse-ordered.txt10e5.txt,100000,reverse-ordered.txt,300.552
BubbleSort/.build/debug/Simple,10/07/22 14:11:47,4,main,ab2375e83d83e7f873,time BubbleSort/.build/debug/Simple < reverse-ordered.txt10e5.txt > /dev/null,reverse-ordered.txt10e5.txt,100000,reverse-ordered.txt,300.216
BubbleSort/.build/debug/Simple,10/07/22 14:16:47,5,main,ab2375e83d83e7f873,time BubbleSort/.build/debug/Simple < reverse-ordered.txt10e5.txt > /dev/null,reverse-ordered.txt10e5.txt,100000,reverse-ordered.txt,300.352
BubbleSort/.build/debug/Simple,10/07/22 14:16:47,1,main,ab2375e83d83e7f873,time BubbleSort/.build/debug/Simple < random.txt10e0.txt > /dev/null,random.txt10e0.txt,1,random.txt,0.005
BubbleSort/.build/debug/Simple,10/07/22 14:16:47,2,main,ab2375e83d83e7f873,time BubbleSort/.build/debug/Simple < random.txt10e0.txt > /dev/null,random.txt10e0.txt,1,random.txt,0.004
BubbleSort/.build/debug/Simple,10/07/22 14:16:47,3,main,ab2375e83d83e7f873,time BubbleSort/.build/debug/Simple < random.txt10e0.txt > /dev/null,random.txt10e0.txt,1,random.txt,0.004
BubbleSort/.build/debug/Simple,10/07/22 14:16:47,4,main,ab2375e83d83e7f873,time BubbleSort/.build/debug/Simple < random.txt10e0.txt > /dev/null,random.txt10e0.txt,1,random.txt,0.003
BubbleSort/.build/debug/Simple,10/07/22 14:16:47,5,main,ab2375e83d83e7f873,time BubbleSort/.build/debug/Simple < random.txt10e0.txt > /dev/null,random.txt10e0.txt,1,random.txt,0.004
BubbleSort/.build/debug/Simple,10/07/22 14:16:47,1,main,ab2375e83d83e7f873,time BubbleSort/.build/debug/Simple < random.txt10e1.txt > /dev/null,random.txt10e1.txt,10,random.txt,0.004
BubbleSort/.build/debug/Simple,10/07/22 14:16:47,2,main,ab2375e83d83e7f873,time BubbleSort/.build/debug/Simple < random.txt10e1.txt > /dev/null,random.txt10e1.txt,10,random.txt,0.004
BubbleSort/.build/debug/Simple,10/07/22 14:16:47,3,main,ab2375e83d83e7f873,time BubbleSort/.build/debug/Simple < random.txt10e1.txt > /dev/null,random.txt10e1.txt,10,random.txt,0.004
BubbleSort/.build/debug/Simple,10/07/22 14:16:47,4,main,ab2375e83d83e7f873,time BubbleSort/.build/debug/Simple < random.txt10e1.txt > /dev/null,random.txt10e1.txt,10,random.txt,0.004
BubbleSort/.build/debug/Simple,10/07/22 14:16:47,5,main,ab2375e83d83e7f873,time BubbleSort/.build/debug/Simple < random.txt10e1.txt > /dev/null,random.txt10e1.txt,10,random.txt,0.004
BubbleSort/.build/debug/Simple,10/07/22 14:16:47,1,main,ab2375e83d83e7f873,time BubbleSort/.build/debug/Simple < random.txt10e2.txt > /dev/null,random.txt10e2.txt,100,random.txt,0.004
BubbleSort/.build/debug/Simple,10/07/22 14:16:47,2,main,ab2375e83d83e7f873,time BubbleSort/.build/debug/Simple < random.txt10e2.txt > /dev/null,random.txt10e2.txt,100,random.txt,0.005
BubbleSort/.build/debug/Simple,10/07/22 14:16:47,3,main,ab2375e83d83e7f873,time BubbleSort/.build/debug/Simple < random.txt10e2.txt > /dev/null,random.txt10e2.txt,100,random.txt,0.005
BubbleSort/.build/debug/Simple,10/07/22 14:16:47,4,main,ab2375e83d83e7f873,time BubbleSort/.build/debug/Simple < random.txt10e2.txt > /dev/null,random.txt10e2.txt,100,random.txt,0.005
BubbleSort/.build/debug/Simple,10/07/22 14:16:47,5,main,ab2375e83d83e7f873,time BubbleSort/.build/debug/Simple < random.txt10e2.txt > /dev/null,random.txt10e2.txt,100,random.txt,0.005
BubbleSort/.build/debug/Simple,10/07/22 14:16:47,1,main,ab2375e83d83e7f873,time BubbleSort/.build/debug/Simple < random.txt10e3.txt > /dev/null,random.txt10e3.txt,1000,random.txt,0.090
BubbleSort/.build/debug/Simple,10/07/22 14:16:47,2,main,ab2375e83d83e7f873,time BubbleSort/.build/debug/Simple < random.txt10e3.txt > /dev/null,random.txt10e3.txt,1000,random.txt,0.090
BubbleSort/.build/debug/Simple,10/07/22 14:16:47,3,main,ab2375e83d83e7f873,time BubbleSort/.build/debug/Simple < random.txt10e3.txt > /dev/null,random.txt10e3.txt,1000,random.txt,0.096
BubbleSort/.build/debug/Simple,10/07/22 14:16:48,4,main,ab2375e83d83e7f873,time BubbleSort/.build/debug/Simple < random.txt10e3.txt > /dev/null,random.txt10e3.txt,1000,random.txt,0.091
BubbleSort/.build/debug/Simple,10/07/22 14:16:48,5,main,ab2375e83d83e7f873,time BubbleSort/.build/debug/Simple < random.txt10e3.txt > /dev/null,random.txt10e3.txt,1000,random.txt,0.090
BubbleSort/.build/debug/Simple,10/07/22 14:16:57,1,main,ab2375e83d83e7f873,time BubbleSort/.build/debug/Simple < random.txt10e4.txt > /dev/null,random.txt10e4.txt,10000,random.txt,8.995
BubbleSort/.build/debug/Simple,10/07/22 14:17:06,2,main,ab2375e83d83e7f873,time BubbleSort/.build/debug/Simple < random.txt10e4.txt > /dev/null,random.txt10e4.txt,10000,random.txt,9.025
BubbleSort/.build/debug/Simple,10/07/22 14:17:15,3,main,ab2375e83d83e7f873,time BubbleSort/.build/debug/Simple < random.txt10e4.txt > /dev/null,random.txt10e4.txt,10000,random.txt,9.004
BubbleSort/.build/debug/Simple,10/07/22 14:17:23,4,main,ab2375e83d83e7f873,time BubbleSort/.build/debug/Simple < random.txt10e4.txt > /dev/null,random.txt10e4.txt,10000,random.txt,8.781
BubbleSort/.build/debug/Simple,10/07/22 14:17:32,5,main,ab2375e83d83e7f873,time BubbleSort/.build/debug/Simple < random.txt10e4.txt > /dev/null,random.txt10e4.txt,10000,random.txt,8.757
BubbleSort/.build/debug/Simple,10/07/22 14:22:33,1,main,ab2375e83d83e7f873,time BubbleSort/.build/debug/Simple < random.txt10e5.txt > /dev/null,random.txt10e5.txt,100000,random.txt,300.285
BubbleSort/.build/debug/Simple,10/07/22 14:27:33,2,main,ab2375e83d83e7f873,time BubbleSort/.build/debug/Simple < random.txt10e5.txt > /dev/null,random.txt10e5.txt,100000,random.txt,300.221
BubbleSort/.build/debug/Simple,10/07/22 14:32:33,3,main,ab2375e83d83e7f873,time BubbleSort/.build/debug/Simple < random.txt10e5.txt > /dev/null,random.txt10e5.txt,100000,random.txt,300.234
BubbleSort/.build/debug/Simple,10/07/22 14:37:33,4,main,ab2375e83d83e7f873,time BubbleSort/.build/debug/Simple < random.txt10e5.txt > /dev/null,random.txt10e5.txt,100000,random.txt,300.243
BubbleSort/.build/debug/Simple,10/07/22 14:42:34,5,main,ab2375e83d83e7f873,time BubbleSort/.build/debug/Simple < random.txt10e5.txt > /dev/null,random.txt10e5.txt,100000,random.txt,300.269
InsertionSort/.build/debug/Simple,10/07/22 14:42:34,1,main,ab2375e83d83e7f873,time InsertionSort/.build/debug/Simple < ordered.txt10e0.txt > /dev/null,ordered.txt10e0.txt,1,ordered.txt,0.010
InsertionSort/.build/debug/Simple,10/07/22 14:42:34,2,main,ab2375e83d83e7f873,time InsertionSort/.build/debug/Simple < ordered.txt10e0.txt > /dev/null,ordered.txt10e0.txt,1,ordered.txt,0.004
InsertionSort/.build/debug/Simple,10/07/22 14:42:34,3,main,ab2375e83d83e7f873,time InsertionSort/.build/debug/Simple < ordered.txt10e0.txt > /dev/null,ordered.txt10e0.txt,1,ordered.txt,0.004
InsertionSort/.build/debug/Simple,10/07/22 14:42:34,4,main,ab2375e83d83e7f873,time InsertionSort/.build/debug/Simple < ordered.txt10e0.txt > /dev/null,ordered.txt10e0.txt,1,ordered.txt,0.004
InsertionSort/.build/debug/Simple,10/07/22 14:42:34,5,main,ab2375e83d83e7f873,time InsertionSort/.build/debug/Simple < ordered.txt10e0.txt > /dev/null,ordered.txt10e0.txt,1,ordered.txt,0.004
InsertionSort/.build/debug/Simple,10/07/22 14:42:34,1,main,ab2375e83d83e7f873,time InsertionSort/.build/debug/Simple < ordered.txt10e1.txt > /dev/null,ordered.txt10e1.txt,10,ordered.txt,0.004
InsertionSort/.build/debug/Simple,10/07/22 14:42:34,2,main,ab2375e83d83e7f873,time InsertionSort/.build/debug/Simple < ordered.txt10e1.txt > /dev/null,ordered.txt10e1.txt,10,ordered.txt,0.004
InsertionSort/.build/debug/Simple,10/07/22 14:42:34,3,main,ab2375e83d83e7f873,time InsertionSort/.build/debug/Simple < ordered.txt10e1.txt > /dev/null,ordered.txt10e1.txt,10,ordered.txt,0.004
InsertionSort/.build/debug/Simple,10/07/22 14:42:34,4,main,ab2375e83d83e7f873,time InsertionSort/.build/debug/Simple < ordered.txt10e1.txt > /dev/null,ordered.txt10e1.txt,10,ordered.txt,0.005
InsertionSort/.build/debug/Simple,10/07/22 14:42:34,5,main,ab2375e83d83e7f873,time InsertionSort/.build/debug/Simple < ordered.txt10e1.txt > /dev/null,ordered.txt10e1.txt,10,ordered.txt,0.004
InsertionSort/.build/debug/Simple,10/07/22 14:42:34,1,main,ab2375e83d83e7f873,time InsertionSort/.build/debug/Simple < ordered.txt10e2.txt > /dev/null,ordered.txt10e2.txt,100,ordered.txt,0.004
InsertionSort/.build/debug/Simple,10/07/22 14:42:34,2,main,ab2375e83d83e7f873,time InsertionSort/.build/debug/Simple < ordered.txt10e2.txt > /dev/null,ordered.txt10e2.txt,100,ordered.txt,0.004
InsertionSort/.build/debug/Simple,10/07/22 14:42:34,3,main,ab2375e83d83e7f873,time InsertionSort/.build/debug/Simple < ordered.txt10e2.txt > /dev/null,ordered.txt10e2.txt,100,ordered.txt,0.004
InsertionSort/.build/debug/Simple,10/07/22 14:42:34,4,main,ab2375e83d83e7f873,time InsertionSort/.build/debug/Simple < ordered.txt10e2.txt > /dev/null,ordered.txt10e2.txt,100,ordered.txt,0.004
InsertionSort/.build/debug/Simple,10/07/22 14:42:34,5,main,ab2375e83d83e7f873,time InsertionSort/.build/debug/Simple < ordered.txt10e2.txt > /dev/null,ordered.txt10e2.txt,100,ordered.txt,0.004
InsertionSort/.build/debug/Simple,10/07/22 14:42:34,1,main,ab2375e83d83e7f873,time InsertionSort/.build/debug/Simple < ordered.txt10e3.txt > /dev/null,ordered.txt10e3.txt,1000,ordered.txt,0.024
InsertionSort/.build/debug/Simple,10/07/22 14:42:34,2,main,ab2375e83d83e7f873,time InsertionSort/.build/debug/Simple < ordered.txt10e3.txt > /dev/null,ordered.txt10e3.txt,1000,ordered.txt,0.021
InsertionSort/.build/debug/Simple,10/07/22 14:42:34,3,main,ab2375e83d83e7f873,time InsertionSort/.build/debug/Simple < ordered.txt10e3.txt > /dev/null,ordered.txt10e3.txt,1000,ordered.txt,0.018
InsertionSort/.build/debug/Simple,10/07/22 14:42:34,4,main,ab2375e83d83e7f873,time InsertionSort/.build/debug/Simple < ordered.txt10e3.txt > /dev/null,ordered.txt10e3.txt,1000,ordered.txt,0.018
InsertionSort/.build/debug/Simple,10/07/22 14:42:34,5,main,ab2375e83d83e7f873,time InsertionSort/.build/debug/Simple < ordered.txt10e3.txt > /dev/null,ordered.txt10e3.txt,1000,ordered.txt,0.017
InsertionSort/.build/debug/Simple,10/07/22 14:42:36,1,main,ab2375e83d83e7f873,time InsertionSort/.build/debug/Simple < ordered.txt10e4.txt > /dev/null,ordered.txt10e4.txt,10000,ordered.txt,2.064
InsertionSort/.build/debug/Simple,10/07/22 14:42:38,2,main,ab2375e83d83e7f873,time InsertionSort/.build/debug/Simple < ordered.txt10e4.txt > /dev/null,ordered.txt10e4.txt,10000,ordered.txt,2.043
InsertionSort/.build/debug/Simple,10/07/22 14:42:40,3,main,ab2375e83d83e7f873,time InsertionSort/.build/debug/Simple < ordered.txt10e4.txt > /dev/null,ordered.txt10e4.txt,10000,ordered.txt,2.054
InsertionSort/.build/debug/Simple,10/07/22 14:42:42,4,main,ab2375e83d83e7f873,time InsertionSort/.build/debug/Simple < ordered.txt10e4.txt > /dev/null,ordered.txt10e4.txt,10000,ordered.txt,2.069
InsertionSort/.build/debug/Simple,10/07/22 14:42:44,5,main,ab2375e83d83e7f873,time InsertionSort/.build/debug/Simple < ordered.txt10e4.txt > /dev/null,ordered.txt10e4.txt,10000,ordered.txt,2.137
InsertionSort/.build/debug/Simple,10/07/22 14:45:29,1,main,ab2375e83d83e7f873,time InsertionSort/.build/debug/Simple < ordered.txt10e5.txt > /dev/null,ordered.txt10e5.txt,100000,ordered.txt,164.704
InsertionSort/.build/debug/Simple,10/07/22 14:48:21,2,main,ab2375e83d83e7f873,time InsertionSort/.build/debug/Simple < ordered.txt10e5.txt > /dev/null,ordered.txt10e5.txt,100000,ordered.txt,171.991
InsertionSort/.build/debug/Simple,10/07/22 14:51:52,3,main,ab2375e83d83e7f873,time InsertionSort/.build/debug/Simple < ordered.txt10e5.txt > /dev/null,ordered.txt10e5.txt,100000,ordered.txt,211.351
InsertionSort/.build/debug/Simple,10/07/22 14:54:57,4,main,ab2375e83d83e7f873,time InsertionSort/.build/debug/Simple < ordered.txt10e5.txt > /dev/null,ordered.txt10e5.txt,100000,ordered.txt,184.226
InsertionSort/.build/debug/Simple,10/07/22 14:57:41,5,main,ab2375e83d83e7f873,time InsertionSort/.build/debug/Simple < ordered.txt10e5.txt > /dev/null,ordered.txt10e5.txt,100000,ordered.txt,164.254
InsertionSort/.build/debug/Simple,10/07/22 14:57:41,1,main,ab2375e83d83e7f873,time InsertionSort/.build/debug/Simple < reverse-ordered.txt10e0.txt > /dev/null,reverse-ordered.txt10e0.txt,1,reverse-ordered.txt,0.005
InsertionSort/.build/debug/Simple,10/07/22 14:57:41,2,main,ab2375e83d83e7f873,time InsertionSort/.build/debug/Simple < reverse-ordered.txt10e0.txt > /dev/null,reverse-ordered.txt10e0.txt,1,reverse-ordered.txt,0.004
InsertionSort/.build/debug/Simple,10/07/22 14:57:41,3,main,ab2375e83d83e7f873,time InsertionSort/.build/debug/Simple < reverse-ordered.txt10e0.txt > /dev/null,reverse-ordered.txt10e0.txt,1,reverse-ordered.txt,0.004
InsertionSort/.build/debug/Simple,10/07/22 14:57:41,4,main,ab2375e83d83e7f873,time InsertionSort/.build/debug/Simple < reverse-ordered.txt10e0.txt > /dev/null,reverse-ordered.txt10e0.txt,1,reverse-ordered.txt,0.006
InsertionSort/.build/debug/Simple,10/07/22 14:57:41,5,main,ab2375e83d83e7f873,time InsertionSort/.build/debug/Simple < reverse-ordered.txt10e0.txt > /dev/null,reverse-ordered.txt10e0.txt,1,reverse-ordered.txt,0.004
InsertionSort/.build/debug/Simple,10/07/22 14:57:41,1,main,ab2375e83d83e7f873,time InsertionSort/.build/debug/Simple < reverse-ordered.txt10e1.txt > /dev/null,reverse-ordered.txt10e1.txt,10,reverse-ordered.txt,0.004
InsertionSort/.build/debug/Simple,10/07/22 14:57:41,2,main,ab2375e83d83e7f873,time InsertionSort/.build/debug/Simple < reverse-ordered.txt10e1.txt > /dev/null,reverse-ordered.txt10e1.txt,10,reverse-ordered.txt,0.005
InsertionSort/.build/debug/Simple,10/07/22 14:57:41,3,main,ab2375e83d83e7f873,time InsertionSort/.build/debug/Simple < reverse-ordered.txt10e1.txt > /dev/null,reverse-ordered.txt10e1.txt,10,reverse-ordered.txt,0.005
InsertionSort/.build/debug/Simple,10/07/22 14:57:41,4,main,ab2375e83d83e7f873,time InsertionSort/.build/debug/Simple < reverse-ordered.txt10e1.txt > /dev/null,reverse-ordered.txt10e1.txt,10,reverse-ordered.txt,0.004
InsertionSort/.build/debug/Simple,10/07/22 14:57:41,5,main,ab2375e83d83e7f873,time InsertionSort/.build/debug/Simple < reverse-ordered.txt10e1.txt > /dev/null,reverse-ordered.txt10e1.txt,10,reverse-ordered.txt,0.004
InsertionSort/.build/debug/Simple,10/07/22 14:57:41,1,main,ab2375e83d83e7f873,time InsertionSort/.build/debug/Simple < reverse-ordered.txt10e2.txt > /dev/null,reverse-ordered.txt10e2.txt,100,reverse-ordered.txt,0.005
InsertionSort/.build/debug/Simple,10/07/22 14:57:41,2,main,ab2375e83d83e7f873,time InsertionSort/.build/debug/Simple < reverse-ordered.txt10e2.txt > /dev/null,reverse-ordered.txt10e2.txt,100,reverse-ordered.txt,0.005
InsertionSort/.build/debug/Simple,10/07/22 14:57:41,3,main,ab2375e83d83e7f873,time InsertionSort/.build/debug/Simple < reverse-ordered.txt10e2.txt > /dev/null,reverse-ordered.txt10e2.txt,100,reverse-ordered.txt,0.004
InsertionSort/.build/debug/Simple,10/07/22 14:57:41,4,main,ab2375e83d83e7f873,time InsertionSort/.build/debug/Simple < reverse-ordered.txt10e2.txt > /dev/null,reverse-ordered.txt10e2.txt,100,reverse-ordered.txt,0.005
InsertionSort/.build/debug/Simple,10/07/22 14:57:41,5,main,ab2375e83d83e7f873,time InsertionSort/.build/debug/Simple < reverse-ordered.txt10e2.txt > /dev/null,reverse-ordered.txt10e2.txt,100,reverse-ordered.txt,0.005
InsertionSort/.build/debug/Simple,10/07/22 14:57:41,1,main,ab2375e83d83e7f873,time InsertionSort/.build/debug/Simple < reverse-ordered.txt10e3.txt > /dev/null,reverse-ordered.txt10e3.txt,1000,reverse-ordered.txt,0.090
InsertionSort/.build/debug/Simple,10/07/22 14:57:41,2,main,ab2375e83d83e7f873,time InsertionSort/.build/debug/Simple < reverse-ordered.txt10e3.txt > /dev/null,reverse-ordered.txt10e3.txt,1000,reverse-ordered.txt,0.084
InsertionSort/.build/debug/Simple,10/07/22 14:57:41,3,main,ab2375e83d83e7f873,time InsertionSort/.build/debug/Simple < reverse-ordered.txt10e3.txt > /dev/null,reverse-ordered.txt10e3.txt,1000,reverse-ordered.txt,0.085
InsertionSort/.build/debug/Simple,10/07/22 14:57:42,4,main,ab2375e83d83e7f873,time InsertionSort/.build/debug/Simple < reverse-ordered.txt10e3.txt > /dev/null,reverse-ordered.txt10e3.txt,1000,reverse-ordered.txt,0.090
InsertionSort/.build/debug/Simple,10/07/22 14:57:42,5,main,ab2375e83d83e7f873,time InsertionSort/.build/debug/Simple < reverse-ordered.txt10e3.txt > /dev/null,reverse-ordered.txt10e3.txt,1000,reverse-ordered.txt,0.101
InsertionSort/.build/debug/Simple,10/07/22 14:57:52,1,main,ab2375e83d83e7f873,time InsertionSort/.build/debug/Simple < reverse-ordered.txt10e4.txt > /dev/null,reverse-ordered.txt10e4.txt,10000,reverse-ordered.txt,10.240
InsertionSort/.build/debug/Simple,10/07/22 14:58:01,2,main,ab2375e83d83e7f873,time InsertionSort/.build/debug/Simple < reverse-ordered.txt10e4.txt > /dev/null,reverse-ordered.txt10e4.txt,10000,reverse-ordered.txt,9.133
InsertionSort/.build/debug/Simple,10/07/22 14:58:11,3,main,ab2375e83d83e7f873,time InsertionSort/.build/debug/Simple < reverse-ordered.txt10e4.txt > /dev/null,reverse-ordered.txt10e4.txt,10000,reverse-ordered.txt,9.573
InsertionSort/.build/debug/Simple,10/07/22 14:58:20,4,main,ab2375e83d83e7f873,time InsertionSort/.build/debug/Simple < reverse-ordered.txt10e4.txt > /dev/null,reverse-ordered.txt10e4.txt,10000,reverse-ordered.txt,9.377
InsertionSort/.build/debug/Simple,10/07/22 14:58:29,5,main,ab2375e83d83e7f873,time InsertionSort/.build/debug/Simple < reverse-ordered.txt10e4.txt > /dev/null,reverse-ordered.txt10e4.txt,10000,reverse-ordered.txt,9.262
InsertionSort/.build/debug/Simple,10/07/22 15:03:30,1,main,ab2375e83d83e7f873,time InsertionSort/.build/debug/Simple < reverse-ordered.txt10e5.txt > /dev/null,reverse-ordered.txt10e5.txt,100000,reverse-ordered.txt,300.658
InsertionSort/.build/debug/Simple,10/07/22 15:08:30,2,main,ab2375e83d83e7f873,time InsertionSort/.build/debug/Simple < reverse-ordered.txt10e5.txt > /dev/null,reverse-ordered.txt10e5.txt,100000,reverse-ordered.txt,300.305
InsertionSort/.build/debug/Simple,10/07/22 15:13:30,3,main,ab2375e83d83e7f873,time InsertionSort/.build/debug/Simple < reverse-ordered.txt10e5.txt > /dev/null,reverse-ordered.txt10e5.txt,100000,reverse-ordered.txt,300.199
InsertionSort/.build/debug/Simple,10/07/22 15:18:31,4,main,ab2375e83d83e7f873,time InsertionSort/.build/debug/Simple < reverse-ordered.txt10e5.txt > /dev/null,reverse-ordered.txt10e5.txt,100000,reverse-ordered.txt,300.224
InsertionSort/.build/debug/Simple,10/07/22 15:23:31,5,main,ab2375e83d83e7f873,time InsertionSort/.build/debug/Simple < reverse-ordered.txt10e5.txt > /dev/null,reverse-ordered.txt10e5.txt,100000,reverse-ordered.txt,300.209
InsertionSort/.build/debug/Simple,10/07/22 15:23:31,1,main,ab2375e83d83e7f873,time InsertionSort/.build/debug/Simple < random.txt10e0.txt > /dev/null,random.txt10e0.txt,1,random.txt,0.005
InsertionSort/.build/debug/Simple,10/07/22 15:23:31,2,main,ab2375e83d83e7f873,time InsertionSort/.build/debug/Simple < random.txt10e0.txt > /dev/null,random.txt10e0.txt,1,random.txt,0.004
InsertionSort/.build/debug/Simple,10/07/22 15:23:31,3,main,ab2375e83d83e7f873,time InsertionSort/.build/debug/Simple < random.txt10e0.txt > /dev/null,random.txt10e0.txt,1,random.txt,0.004
InsertionSort/.build/debug/Simple,10/07/22 15:23:31,4,main,ab2375e83d83e7f873,time InsertionSort/.build/debug/Simple < random.txt10e0.txt > /dev/null,random.txt10e0.txt,1,random.txt,0.004
InsertionSort/.build/debug/Simple,10/07/22 15:23:31,5,main,ab2375e83d83e7f873,time InsertionSort/.build/debug/Simple < random.txt10e0.txt > /dev/null,random.txt10e0.txt,1,random.txt,0.004
InsertionSort/.build/debug/Simple,10/07/22 15:23:31,1,main,ab2375e83d83e7f873,time InsertionSort/.build/debug/Simple < random.txt10e1.txt > /dev/null,random.txt10e1.txt,10,random.txt,0.004
InsertionSort/.build/debug/Simple,10/07/22 15:23:31,2,main,ab2375e83d83e7f873,time InsertionSort/.build/debug/Simple < random.txt10e1.txt > /dev/null,random.txt10e1.txt,10,random.txt,0.004
InsertionSort/.build/debug/Simple,10/07/22 15:23:31,3,main,ab2375e83d83e7f873,time InsertionSort/.build/debug/Simple < random.txt10e1.txt > /dev/null,random.txt10e1.txt,10,random.txt,0.004
InsertionSort/.build/debug/Simple,10/07/22 15:23:31,4,main,ab2375e83d83e7f873,time InsertionSort/.build/debug/Simple < random.txt10e1.txt > /dev/null,random.txt10e1.txt,10,random.txt,0.004
InsertionSort/.build/debug/Simple,10/07/22 15:23:31,5,main,ab2375e83d83e7f873,time InsertionSort/.build/debug/Simple < random.txt10e1.txt > /dev/null,random.txt10e1.txt,10,random.txt,0.004
InsertionSort/.build/debug/Simple,10/07/22 15:23:31,1,main,ab2375e83d83e7f873,time InsertionSort/.build/debug/Simple < random.txt10e2.txt > /dev/null,random.txt10e2.txt,100,random.txt,0.004
InsertionSort/.build/debug/Simple,10/07/22 15:23:31,2,main,ab2375e83d83e7f873,time InsertionSort/.build/debug/Simple < random.txt10e2.txt > /dev/null,random.txt10e2.txt,100,random.txt,0.004
InsertionSort/.build/debug/Simple,10/07/22 15:23:31,3,main,ab2375e83d83e7f873,time InsertionSort/.build/debug/Simple < random.txt10e2.txt > /dev/null,random.txt10e2.txt,100,random.txt,0.004
InsertionSort/.build/debug/Simple,10/07/22 15:23:31,4,main,ab2375e83d83e7f873,time InsertionSort/.build/debug/Simple < random.txt10e2.txt > /dev/null,random.txt10e2.txt,100,random.txt,0.004
InsertionSort/.build/debug/Simple,10/07/22 15:23:31,5,main,ab2375e83d83e7f873,time InsertionSort/.build/debug/Simple < random.txt10e2.txt > /dev/null,random.txt10e2.txt,100,random.txt,0.004
InsertionSort/.build/debug/Simple,10/07/22 15:23:31,1,main,ab2375e83d83e7f873,time InsertionSort/.build/debug/Simple < random.txt10e3.txt > /dev/null,random.txt10e3.txt,1000,random.txt,0.065
InsertionSort/.build/debug/Simple,10/07/22 15:23:31,2,main,ab2375e83d83e7f873,time InsertionSort/.build/debug/Simple < random.txt10e3.txt > /dev/null,random.txt10e3.txt,1000,random.txt,0.061
InsertionSort/.build/debug/Simple,10/07/22 15:23:31,3,main,ab2375e83d83e7f873,time InsertionSort/.build/debug/Simple < random.txt10e3.txt > /dev/null,random.txt10e3.txt,1000,random.txt,0.062
InsertionSort/.build/debug/Simple,10/07/22 15:23:31,4,main,ab2375e83d83e7f873,time InsertionSort/.build/debug/Simple < random.txt10e3.txt > /dev/null,random.txt10e3.txt,1000,random.txt,0.060
InsertionSort/.build/debug/Simple,10/07/22 15:23:31,5,main,ab2375e83d83e7f873,time InsertionSort/.build/debug/Simple < random.txt10e3.txt > /dev/null,random.txt10e3.txt,1000,random.txt,0.061
InsertionSort/.build/debug/Simple,10/07/22 15:23:37,1,main,ab2375e83d83e7f873,time InsertionSort/.build/debug/Simple < random.txt10e4.txt > /dev/null,random.txt10e4.txt,10000,random.txt,5.636
InsertionSort/.build/debug/Simple,10/07/22 15:23:43,2,main,ab2375e83d83e7f873,time InsertionSort/.build/debug/Simple < random.txt10e4.txt > /dev/null,random.txt10e4.txt,10000,random.txt,5.966
InsertionSort/.build/debug/Simple,10/07/22 15:23:49,3,main,ab2375e83d83e7f873,time InsertionSort/.build/debug/Simple < random.txt10e4.txt > /dev/null,random.txt10e4.txt,10000,random.txt,5.715
InsertionSort/.build/debug/Simple,10/07/22 15:23:55,4,main,ab2375e83d83e7f873,time InsertionSort/.build/debug/Simple < random.txt10e4.txt > /dev/null,random.txt10e4.txt,10000,random.txt,5.761
InsertionSort/.build/debug/Simple,10/07/22 15:24:00,5,main,ab2375e83d83e7f873,time InsertionSort/.build/debug/Simple < random.txt10e4.txt > /dev/null,random.txt10e4.txt,10000,random.txt,5.510
InsertionSort/.build/debug/Simple,10/07/22 15:29:00,1,main,ab2375e83d83e7f873,time InsertionSort/.build/debug/Simple < random.txt10e5.txt > /dev/null,random.txt10e5.txt,100000,random.txt,300.214
InsertionSort/.build/debug/Simple,10/07/22 15:34:01,2,main,ab2375e83d83e7f873,time InsertionSort/.build/debug/Simple < random.txt10e5.txt > /dev/null,random.txt10e5.txt,100000,random.txt,300.197
InsertionSort/.build/debug/Simple,10/07/22 15:39:01,3,main,ab2375e83d83e7f873,time InsertionSort/.build/debug/Simple < random.txt10e5.txt > /dev/null,random.txt10e5.txt,100000,random.txt,300.217
InsertionSort/.build/debug/Simple,10/07/22 15:44:01,4,main,ab2375e83d83e7f873,time InsertionSort/.build/debug/Simple < random.txt10e5.txt > /dev/null,random.txt10e5.txt,100000,random.txt,300.208
InsertionSort/.build/debug/Simple,10/07/22 15:49:01,5,main,ab2375e83d83e7f873,time InsertionSort/.build/debug/Simple < random.txt10e5.txt > /dev/null,random.txt10e5.txt,100000,random.txt,300.212
SelectionSort/.build/debug/Simple,10/07/22 15:49:01,1,main,ab2375e83d83e7f873,time SelectionSort/.build/debug/Simple < ordered.txt10e0.txt > /dev/null,ordered.txt10e0.txt,1,ordered.txt,0.009
SelectionSort/.build/debug/Simple,10/07/22 15:49:01,2,main,ab2375e83d83e7f873,time SelectionSort/.build/debug/Simple < ordered.txt10e0.txt > /dev/null,ordered.txt10e0.txt,1,ordered.txt,0.004
SelectionSort/.build/debug/Simple,10/07/22 15:49:01,3,main,ab2375e83d83e7f873,time SelectionSort/.build/debug/Simple < ordered.txt10e0.txt > /dev/null,ordered.txt10e0.txt,1,ordered.txt,0.004
SelectionSort/.build/debug/Simple,10/07/22 15:49:01,4,main,ab2375e83d83e7f873,time SelectionSort/.build/debug/Simple < ordered.txt10e0.txt > /dev/null,ordered.txt10e0.txt,1,ordered.txt,0.004
SelectionSort/.build/debug/Simple,10/07/22 15:49:01,5,main,ab2375e83d83e7f873,time SelectionSort/.build/debug/Simple < ordered.txt10e0.txt > /dev/null,ordered.txt10e0.txt,1,ordered.txt,0.004
SelectionSort/.build/debug/Simple,10/07/22 15:49:01,1,main,ab2375e83d83e7f873,time SelectionSort/.build/debug/Simple < ordered.txt10e1.txt > /dev/null,ordered.txt10e1.txt,10,ordered.txt,0.004
SelectionSort/.build/debug/Simple,10/07/22 15:49:01,2,main,ab2375e83d83e7f873,time SelectionSort/.build/debug/Simple < ordered.txt10e1.txt > /dev/null,ordered.txt10e1.txt,10,ordered.txt,0.004
SelectionSort/.build/debug/Simple,10/07/22 15:49:01,3,main,ab2375e83d83e7f873,time SelectionSort/.build/debug/Simple < ordered.txt10e1.txt > /dev/null,ordered.txt10e1.txt,10,ordered.txt,0.004
SelectionSort/.build/debug/Simple,10/07/22 15:49:01,4,main,ab2375e83d83e7f873,time SelectionSort/.build/debug/Simple < ordered.txt10e1.txt > /dev/null,ordered.txt10e1.txt,10,ordered.txt,0.004
SelectionSort/.build/debug/Simple,10/07/22 15:49:01,5,main,ab2375e83d83e7f873,time SelectionSort/.build/debug/Simple < ordered.txt10e1.txt > /dev/null,ordered.txt10e1.txt,10,ordered.txt,0.004
SelectionSort/.build/debug/Simple,10/07/22 15:49:01,1,main,ab2375e83d83e7f873,time SelectionSort/.build/debug/Simple < ordered.txt10e2.txt > /dev/null,ordered.txt10e2.txt,100,ordered.txt,0.004
SelectionSort/.build/debug/Simple,10/07/22 15:49:01,2,main,ab2375e83d83e7f873,time SelectionSort/.build/debug/Simple < ordered.txt10e2.txt > /dev/null,ordered.txt10e2.txt,100,ordered.txt,0.004
SelectionSort/.build/debug/Simple,10/07/22 15:49:01,3,main,ab2375e83d83e7f873,time SelectionSort/.build/debug/Simple < ordered.txt10e2.txt > /dev/null,ordered.txt10e2.txt,100,ordered.txt,0.005
SelectionSort/.build/debug/Simple,10/07/22 15:49:01,4,main,ab2375e83d83e7f873,time SelectionSort/.build/debug/Simple < ordered.txt10e2.txt > /dev/null,ordered.txt10e2.txt,100,ordered.txt,0.004
SelectionSort/.build/debug/Simple,10/07/22 15:49:01,5,main,ab2375e83d83e7f873,time SelectionSort/.build/debug/Simple < ordered.txt10e2.txt > /dev/null,ordered.txt10e2.txt,100,ordered.txt,0.004
SelectionSort/.build/debug/Simple,10/07/22 15:49:01,1,main,ab2375e83d83e7f873,time SelectionSort/.build/debug/Simple < ordered.txt10e3.txt > /dev/null,ordered.txt10e3.txt,1000,ordered.txt,0.023
SelectionSort/.build/debug/Simple,10/07/22 15:49:01,2,main,ab2375e83d83e7f873,time SelectionSort/.build/debug/Simple < ordered.txt10e3.txt > /dev/null,ordered.txt10e3.txt,1000,ordered.txt,0.023
SelectionSort/.build/debug/Simple,10/07/22 15:49:02,3,main,ab2375e83d83e7f873,time SelectionSort/.build/debug/Simple < ordered.txt10e3.txt > /dev/null,ordered.txt10e3.txt,1000,ordered.txt,0.023
SelectionSort/.build/debug/Simple,10/07/22 15:49:02,4,main,ab2375e83d83e7f873,time SelectionSort/.build/debug/Simple < ordered.txt10e3.txt > /dev/null,ordered.txt10e3.txt,1000,ordered.txt,0.023
SelectionSort/.build/debug/Simple,10/07/22 15:49:02,5,main,ab2375e83d83e7f873,time SelectionSort/.build/debug/Simple < ordered.txt10e3.txt > /dev/null,ordered.txt10e3.txt,1000,ordered.txt,0.023
SelectionSort/.build/debug/Simple,10/07/22 15:49:03,1,main,ab2375e83d83e7f873,time SelectionSort/.build/debug/Simple < ordered.txt10e4.txt > /dev/null,ordered.txt10e4.txt,10000,ordered.txt,1.751
SelectionSort/.build/debug/Simple,10/07/22 15:49:05,2,main,ab2375e83d83e7f873,time SelectionSort/.build/debug/Simple < ordered.txt10e4.txt > /dev/null,ordered.txt10e4.txt,10000,ordered.txt,1.751
SelectionSort/.build/debug/Simple,10/07/22 15:49:07,3,main,ab2375e83d83e7f873,time SelectionSort/.build/debug/Simple < ordered.txt10e4.txt > /dev/null,ordered.txt10e4.txt,10000,ordered.txt,1.750
SelectionSort/.build/debug/Simple,10/07/22 15:49:09,4,main,ab2375e83d83e7f873,time SelectionSort/.build/debug/Simple < ordered.txt10e4.txt > /dev/null,ordered.txt10e4.txt,10000,ordered.txt,1.759
SelectionSort/.build/debug/Simple,10/07/22 15:49:10,5,main,ab2375e83d83e7f873,time SelectionSort/.build/debug/Simple < ordered.txt10e4.txt > /dev/null,ordered.txt10e4.txt,10000,ordered.txt,1.750
SelectionSort/.build/debug/Simple,10/07/22 15:52:05,1,main,ab2375e83d83e7f873,time SelectionSort/.build/debug/Simple < ordered.txt10e5.txt > /dev/null,ordered.txt10e5.txt,100000,ordered.txt,174.728
SelectionSort/.build/debug/Simple,10/07/22 15:55:00,2,main,ab2375e83d83e7f873,time SelectionSort/.build/debug/Simple < ordered.txt10e5.txt > /dev/null,ordered.txt10e5.txt,100000,ordered.txt,174.508
SelectionSort/.build/debug/Simple,10/07/22 15:57:54,3,main,ab2375e83d83e7f873,time SelectionSort/.build/debug/Simple < ordered.txt10e5.txt > /dev/null,ordered.txt10e5.txt,100000,ordered.txt,174.350
SelectionSort/.build/debug/Simple,10/07/22 16:00:48,4,main,ab2375e83d83e7f873,time SelectionSort/.build/debug/Simple < ordered.txt10e5.txt > /dev/null,ordered.txt10e5.txt,100000,ordered.txt,174.444
SelectionSort/.build/debug/Simple,10/07/22 16:03:44,5,main,ab2375e83d83e7f873,time SelectionSort/.build/debug/Simple < ordered.txt10e5.txt > /dev/null,ordered.txt10e5.txt,100000,ordered.txt,175.111
SelectionSort/.build/debug/Simple,10/07/22 16:03:44,1,main,ab2375e83d83e7f873,time SelectionSort/.build/debug/Simple < reverse-ordered.txt10e0.txt > /dev/null,reverse-ordered.txt10e0.txt,1,reverse-ordered.txt,0.005
SelectionSort/.build/debug/Simple,10/07/22 16:03:44,2,main,ab2375e83d83e7f873,time SelectionSort/.build/debug/Simple < reverse-ordered.txt10e0.txt > /dev/null,reverse-ordered.txt10e0.txt,1,reverse-ordered.txt,0.004
SelectionSort/.build/debug/Simple,10/07/22 16:03:44,3,main,ab2375e83d83e7f873,time SelectionSort/.build/debug/Simple < reverse-ordered.txt10e0.txt > /dev/null,reverse-ordered.txt10e0.txt,1,reverse-ordered.txt,0.004
SelectionSort/.build/debug/Simple,10/07/22 16:03:44,4,main,ab2375e83d83e7f873,time SelectionSort/.build/debug/Simple < reverse-ordered.txt10e0.txt > /dev/null,reverse-ordered.txt10e0.txt,1,reverse-ordered.txt,0.004
SelectionSort/.build/debug/Simple,10/07/22 16:03:44,5,main,ab2375e83d83e7f873,time SelectionSort/.build/debug/Simple < reverse-ordered.txt10e0.txt > /dev/null,reverse-ordered.txt10e0.txt,1,reverse-ordered.txt,0.004
SelectionSort/.build/debug/Simple,10/07/22 16:03:44,1,main,ab2375e83d83e7f873,time SelectionSort/.build/debug/Simple < reverse-ordered.txt10e1.txt > /dev/null,reverse-ordered.txt10e1.txt,10,reverse-ordered.txt,0.004
SelectionSort/.build/debug/Simple,10/07/22 16:03:44,2,main,ab2375e83d83e7f873,time SelectionSort/.build/debug/Simple < reverse-ordered.txt10e1.txt > /dev/null,reverse-ordered.txt10e1.txt,10,reverse-ordered.txt,0.004
SelectionSort/.build/debug/Simple,10/07/22 16:03:44,3,main,ab2375e83d83e7f873,time SelectionSort/.build/debug/Simple < reverse-ordered.txt10e1.txt > /dev/null,reverse-ordered.txt10e1.txt,10,reverse-ordered.txt,0.004
SelectionSort/.build/debug/Simple,10/07/22 16:03:44,4,main,ab2375e83d83e7f873,time SelectionSort/.build/debug/Simple < reverse-ordered.txt10e1.txt > /dev/null,reverse-ordered.txt10e1.txt,10,reverse-ordered.txt,0.004
SelectionSort/.build/debug/Simple,10/07/22 16:03:44,5,main,ab2375e83d83e7f873,time SelectionSort/.build/debug/Simple < reverse-ordered.txt10e1.txt > /dev/null,reverse-ordered.txt10e1.txt,10,reverse-ordered.txt,0.004
SelectionSort/.build/debug/Simple,10/07/22 16:03:44,1,main,ab2375e83d83e7f873,time SelectionSort/.build/debug/Simple < reverse-ordered.txt10e2.txt > /dev/null,reverse-ordered.txt10e2.txt,100,reverse-ordered.txt,0.004
SelectionSort/.build/debug/Simple,10/07/22 16:03:44,2,main,ab2375e83d83e7f873,time SelectionSort/.build/debug/Simple < reverse-ordered.txt10e2.txt > /dev/null,reverse-ordered.txt10e2.txt,100,reverse-ordered.txt,0.004
SelectionSort/.build/debug/Simple,10/07/22 16:03:44,3,main,ab2375e83d83e7f873,time SelectionSort/.build/debug/Simple < reverse-ordered.txt10e2.txt > /dev/null,reverse-ordered.txt10e2.txt,100,reverse-ordered.txt,0.004
SelectionSort/.build/debug/Simple,10/07/22 16:03:44,4,main,ab2375e83d83e7f873,time SelectionSort/.build/debug/Simple < reverse-ordered.txt10e2.txt > /dev/null,reverse-ordered.txt10e2.txt,100,reverse-ordered.txt,0.004
SelectionSort/.build/debug/Simple,10/07/22 16:03:44,5,main,ab2375e83d83e7f873,time SelectionSort/.build/debug/Simple < reverse-ordered.txt10e2.txt > /dev/null,reverse-ordered.txt10e2.txt,100,reverse-ordered.txt,0.004
SelectionSort/.build/debug/Simple,10/07/22 16:03:44,1,main,ab2375e83d83e7f873,time SelectionSort/.build/debug/Simple < reverse-ordered.txt10e3.txt > /dev/null,reverse-ordered.txt10e3.txt,1000,reverse-ordered.txt,0.022
SelectionSort/.build/debug/Simple,10/07/22 16:03:44,2,main,ab2375e83d83e7f873,time SelectionSort/.build/debug/Simple < reverse-ordered.txt10e3.txt > /dev/null,reverse-ordered.txt10e3.txt,1000,reverse-ordered.txt,0.023
SelectionSort/.build/debug/Simple,10/07/22 16:03:44,3,main,ab2375e83d83e7f873,time SelectionSort/.build/debug/Simple < reverse-ordered.txt10e3.txt > /dev/null,reverse-ordered.txt10e3.txt,1000,reverse-ordered.txt,0.023
SelectionSort/.build/debug/Simple,10/07/22 16:03:44,4,main,ab2375e83d83e7f873,time SelectionSort/.build/debug/Simple < reverse-ordered.txt10e3.txt > /dev/null,reverse-ordered.txt10e3.txt,1000,reverse-ordered.txt,0.023
SelectionSort/.build/debug/Simple,10/07/22 16:03:44,5,main,ab2375e83d83e7f873,time SelectionSort/.build/debug/Simple < reverse-ordered.txt10e3.txt > /dev/null,reverse-ordered.txt10e3.txt,1000,reverse-ordered.txt,0.023
SelectionSort/.build/debug/Simple,10/07/22 16:03:46,1,main,ab2375e83d83e7f873,time SelectionSort/.build/debug/Simple < reverse-ordered.txt10e4.txt > /dev/null,reverse-ordered.txt10e4.txt,10000,reverse-ordered.txt,1.810
SelectionSort/.build/debug/Simple,10/07/22 16:03:48,2,main,ab2375e83d83e7f873,time SelectionSort/.build/debug/Simple < reverse-ordered.txt10e4.txt > /dev/null,reverse-ordered.txt10e4.txt,10000,reverse-ordered.txt,1.796
SelectionSort/.build/debug/Simple,10/07/22 16:03:49,3,main,ab2375e83d83e7f873,time SelectionSort/.build/debug/Simple < reverse-ordered.txt10e4.txt > /dev/null,reverse-ordered.txt10e4.txt,10000,reverse-ordered.txt,1.798
SelectionSort/.build/debug/Simple,10/07/22 16:03:51,4,main,ab2375e83d83e7f873,time SelectionSort/.build/debug/Simple < reverse-ordered.txt10e4.txt > /dev/null,reverse-ordered.txt10e4.txt,10000,reverse-ordered.txt,1.798
SelectionSort/.build/debug/Simple,10/07/22 16:03:53,5,main,ab2375e83d83e7f873,time SelectionSort/.build/debug/Simple < reverse-ordered.txt10e4.txt > /dev/null,reverse-ordered.txt10e4.txt,10000,reverse-ordered.txt,1.792
SelectionSort/.build/debug/Simple,10/07/22 16:06:50,1,main,ab2375e83d83e7f873,time SelectionSort/.build/debug/Simple < reverse-ordered.txt10e5.txt > /dev/null,reverse-ordered.txt10e5.txt,100000,reverse-ordered.txt,176.539
SelectionSort/.build/debug/Simple,10/07/22 16:09:47,2,main,ab2375e83d83e7f873,time SelectionSort/.build/debug/Simple < reverse-ordered.txt10e5.txt > /dev/null,reverse-ordered.txt10e5.txt,100000,reverse-ordered.txt,177.034
SelectionSort/.build/debug/Simple,10/07/22 16:12:43,3,main,ab2375e83d83e7f873,time SelectionSort/.build/debug/Simple < reverse-ordered.txt10e5.txt > /dev/null,reverse-ordered.txt10e5.txt,100000,reverse-ordered.txt,176.621
SelectionSort/.build/debug/Simple,10/07/22 16:15:43,4,main,ab2375e83d83e7f873,time SelectionSort/.build/debug/Simple < reverse-ordered.txt10e5.txt > /dev/null,reverse-ordered.txt10e5.txt,100000,reverse-ordered.txt,179.528
SelectionSort/.build/debug/Simple,10/07/22 16:18:46,5,main,ab2375e83d83e7f873,time SelectionSort/.build/debug/Simple < reverse-ordered.txt10e5.txt > /dev/null,reverse-ordered.txt10e5.txt,100000,reverse-ordered.txt,183.344
SelectionSort/.build/debug/Simple,10/07/22 16:18:46,1,main,ab2375e83d83e7f873,time SelectionSort/.build/debug/Simple < random.txt10e0.txt > /dev/null,random.txt10e0.txt,1,random.txt,0.005
SelectionSort/.build/debug/Simple,10/07/22 16:18:46,2,main,ab2375e83d83e7f873,time SelectionSort/.build/debug/Simple < random.txt10e0.txt > /dev/null,random.txt10e0.txt,1,random.txt,0.004
SelectionSort/.build/debug/Simple,10/07/22 16:18:46,3,main,ab2375e83d83e7f873,time SelectionSort/.build/debug/Simple < random.txt10e0.txt > /dev/null,random.txt10e0.txt,1,random.txt,0.004
SelectionSort/.build/debug/Simple,10/07/22 16:18:46,4,main,ab2375e83d83e7f873,time SelectionSort/.build/debug/Simple < random.txt10e0.txt > /dev/null,random.txt10e0.txt,1,random.txt,0.004
SelectionSort/.build/debug/Simple,10/07/22 16:18:46,5,main,ab2375e83d83e7f873,time SelectionSort/.build/debug/Simple < random.txt10e0.txt > /dev/null,random.txt10e0.txt,1,random.txt,0.004
SelectionSort/.build/debug/Simple,10/07/22 16:18:46,1,main,ab2375e83d83e7f873,time SelectionSort/.build/debug/Simple < random.txt10e1.txt > /dev/null,random.txt10e1.txt,10,random.txt,0.004
SelectionSort/.build/debug/Simple,10/07/22 16:18:46,2,main,ab2375e83d83e7f873,time SelectionSort/.build/debug/Simple < random.txt10e1.txt > /dev/null,random.txt10e1.txt,10,random.txt,0.004
SelectionSort/.build/debug/Simple,10/07/22 16:18:46,3,main,ab2375e83d83e7f873,time SelectionSort/.build/debug/Simple < random.txt10e1.txt > /dev/null,random.txt10e1.txt,10,random.txt,0.005
SelectionSort/.build/debug/Simple,10/07/22 16:18:46,4,main,ab2375e83d83e7f873,time SelectionSort/.build/debug/Simple < random.txt10e1.txt > /dev/null,random.txt10e1.txt,10,random.txt,0.004
SelectionSort/.build/debug/Simple,10/07/22 16:18:46,5,main,ab2375e83d83e7f873,time SelectionSort/.build/debug/Simple < random.txt10e1.txt > /dev/null,random.txt10e1.txt,10,random.txt,0.004
SelectionSort/.build/debug/Simple,10/07/22 16:18:46,1,main,ab2375e83d83e7f873,time SelectionSort/.build/debug/Simple < random.txt10e2.txt > /dev/null,random.txt10e2.txt,100,random.txt,0.004
SelectionSort/.build/debug/Simple,10/07/22 16:18:46,2,main,ab2375e83d83e7f873,time SelectionSort/.build/debug/Simple < random.txt10e2.txt > /dev/null,random.txt10e2.txt,100,random.txt,0.004
SelectionSort/.build/debug/Simple,10/07/22 16:18:46,3,main,ab2375e83d83e7f873,time SelectionSort/.build/debug/Simple < random.txt10e2.txt > /dev/null,random.txt10e2.txt,100,random.txt,0.004
SelectionSort/.build/debug/Simple,10/07/22 16:18:46,4,main,ab2375e83d83e7f873,time SelectionSort/.build/debug/Simple < random.txt10e2.txt > /dev/null,random.txt10e2.txt,100,random.txt,0.004
SelectionSort/.build/debug/Simple,10/07/22 16:18:46,5,main,ab2375e83d83e7f873,time SelectionSort/.build/debug/Simple < random.txt10e2.txt > /dev/null,random.txt10e2.txt,100,random.txt,0.004
SelectionSort/.build/debug/Simple,10/07/22 16:18:46,1,main,ab2375e83d83e7f873,time SelectionSort/.build/debug/Simple < random.txt10e3.txt > /dev/null,random.txt10e3.txt,1000,random.txt,0.023
SelectionSort/.build/debug/Simple,10/07/22 16:18:46,2,main,ab2375e83d83e7f873,time SelectionSort/.build/debug/Simple < random.txt10e3.txt > /dev/null,random.txt10e3.txt,1000,random.txt,0.023
SelectionSort/.build/debug/Simple,10/07/22 16:18:46,3,main,ab2375e83d83e7f873,time SelectionSort/.build/debug/Simple < random.txt10e3.txt > /dev/null,random.txt10e3.txt,1000,random.txt,0.022
SelectionSort/.build/debug/Simple,10/07/22 16:18:46,4,main,ab2375e83d83e7f873,time SelectionSort/.build/debug/Simple < random.txt10e3.txt > /dev/null,random.txt10e3.txt,1000,random.txt,0.026
SelectionSort/.build/debug/Simple,10/07/22 16:18:46,5,main,ab2375e83d83e7f873,time SelectionSort/.build/debug/Simple < random.txt10e3.txt > /dev/null,random.txt10e3.txt,1000,random.txt,0.030
SelectionSort/.build/debug/Simple,10/07/22 16:18:48,1,main,ab2375e83d83e7f873,time SelectionSort/.build/debug/Simple < random.txt10e4.txt > /dev/null,random.txt10e4.txt,10000,random.txt,1.828
SelectionSort/.build/debug/Simple,10/07/22 16:18:50,2,main,ab2375e83d83e7f873,time SelectionSort/.build/debug/Simple < random.txt10e4.txt > /dev/null,random.txt10e4.txt,10000,random.txt,1.810
SelectionSort/.build/debug/Simple,10/07/22 16:18:52,3,main,ab2375e83d83e7f873,time SelectionSort/.build/debug/Simple < random.txt10e4.txt > /dev/null,random.txt10e4.txt,10000,random.txt,1.794
SelectionSort/.build/debug/Simple,10/07/22 16:18:54,4,main,ab2375e83d83e7f873,time SelectionSort/.build/debug/Simple < random.txt10e4.txt > /dev/null,random.txt10e4.txt,10000,random.txt,1.836
SelectionSort/.build/debug/Simple,10/07/22 16:18:56,5,main,ab2375e83d83e7f873,time SelectionSort/.build/debug/Simple < random.txt10e4.txt > /dev/null,random.txt10e4.txt,10000,random.txt,1.825
SelectionSort/.build/debug/Simple,10/07/22 16:21:53,1,main,ab2375e83d83e7f873,time SelectionSort/.build/debug/Simple < random.txt10e5.txt > /dev/null,random.txt10e5.txt,100000,random.txt,177.052
SelectionSort/.build/debug/Simple,10/07/22 16:25:32,2,main,ab2375e83d83e7f873,time SelectionSort/.build/debug/Simple < random.txt10e5.txt > /dev/null,random.txt10e5.txt,100000,random.txt,219.038
SelectionSort/.build/debug/Simple,10/07/22 16:28:34,3,main,ab2375e83d83e7f873,time SelectionSort/.build/debug/Simple < random.txt10e5.txt > /dev/null,random.txt10e5.txt,100000,random.txt,182.638
SelectionSort/.build/debug/Simple,10/07/22 16:31:36,4,main,ab2375e83d83e7f873,time SelectionSort/.build/debug/Simple < random.txt10e5.txt > /dev/null,random.txt10e5.txt,100000,random.txt,181.646
SelectionSort/.build/debug/Simple,10/07/22 16:34:42,5,main,ab2375e83d83e7f873,time SelectionSort/.build/debug/Simple < random.txt10e5.txt > /dev/null,random.txt10e5.txt,100000,random.txt,186.192
